turker_id,time,distance_between_targets,question_index,sizediff,accuracy,clicked_x,clicked_y,index_of_difficulty
trial2,0.93,100,1,1,1,-31.7323,-38.933,1.41841
trial2,0.948,300,3,1,0,-134.336,66.753,2.20271
trial2,0.874,500,5,1,1,-134.586,210.91,3.86139
trial2,0.724,100,7,2,1,-46.743,16.97,0.2348
trial2,0.914,300,9,2,1,85.8921,-123.175,3.085
trial2,1.14,500,11,2,1,-206.269,-140.832,3.28123
trial2,0.867,100,13,3,0,19.6922,-45.956,1.66428
trial2,0.908,200,14,3,1,-23.9445,-97.106,2.7433
trial2,0.983,300,15,3,1,-79.7455,127.085,3.13135
trial2,0.796,400,16,3,1,113.362,164.727,3.50621
trial2,0.833,500,17,3,1,219.154,120.184,3.05144
trial2,0.937,600,18,3,1,-3.0795,299.985,4.37076
trial2,0.644,100,19,1,1,-37.7239,32.481,1.16989
trial2,0.706,200,20,1,1,-40.688,91.219,2.65498
trial2,1.17,300,21,1,1,1.65605,-149.994,3.37075
trial2,1.175,400,22,1,0,-179.314,89.304,2.62035
trial2,3.549,500,23,1,0,-16.4454,-249.482,4.10468
trial2,1.041,600,24,1,1,30.1621,298.509,4.36351
trial2,0.727,100,25,2,1,-43.0425,25.548,0.815613
trial2,0.976,200,26,2,1,-67.2935,-74.027,2.35139
trial2,0.887,300,27,2,1,124.501,-83.57,2.52744
trial2,0.981,400,28,2,0,-129.357,152.839,3.39621
trial2,0.833,500,29,2,1,-175.066,178.532,3.62181
trial2,1.025,600,30,2,1,-217.26,206.943,3.83489
trial2,0.637,100,31,3,1,-47.245,17.517,0.261554
trial2,0.72,200,32,3,1,75.0669,65.595,2.18204
trial2,0.912,200,2,1,0,-9.3778,-99.56,2.7795
trial2,1.146,400,4,1,1,-16.6684,199.334,3.78085
trial2,0.967,600,6,1,1,117.699,275.794,4.25015
trial2,1.07,200,8,2,1,-16.2939,-98.615,2.76645
trial2,0.922,400,10,2,0,63.9992,189.481,3.70795
trial2,1.027,600,12,2,1,-252.723,-161.199,3.47589
trial2,0.927,300,33,3,1,46.074,-142.615,3.29923
trial2,0.756,400,34,3,1,-27.0061,198.224,3.77261
trial2,1.116,500,35,3,1,114.782,-221.878,3.93674
trial2,1.314,600,36,3,1,120.73,-274.452,4.24323
trial2,0.678,100,37,1,0,-29.85,-39.896,1.4652
trial2,0.815,200,38,1,0,79.37,-61.206,2.07433
trial2,0.912,300,39,1,0,-75.909,-129.205,3.15695
trial2,1.065,400,40,1,1,88.1225,179.509,3.63013
trial2,1.202,500,41,1,1,-84.3825,235.351,4.02057
trial2,1.384,600,42,1,1,126.476,272.007,4.22965
trial2,0.961,100,43,2,1,-17.18,47.105,1.69579
trial2,1.081,200,44,2,1,-29.1471,95.783,2.72199
trial2,0.996,300,45,2,1,-57.433,-138.74,3.25674
trial2,1.212,400,46,2,1,-157.633,-123.621,3.08945
trial2,1.443,500,47,2,0,-154.371,196.419,3.76084
trial2,0.952,600,48,2,0,32.154,298.303,4.3625
trial2,0.826,100,49,3,1,-4.3218,49.791,1.78046
trial2,0.911,200,50,3,1,25.4782,-96.763,2.73752
trial2,0.811,300,51,3,1,-14.9698,149.227,3.36361
trial2,1.049,400,52,3,1,53.5282,-192.771,3.7323
trial2,1.084,500,53,3,1,-160.573,-191.412,3.72346
trial2,1.685,600,54,3,1,74.6352,-290.63,4.32477
"",2.239,100,1,1,0,48.8922,-10.429,0.202634
"",3.367,200,2,1,0,1.3742,-99.99,2.78574
"",2.014,300,3,1,0,82.6252,-125.187,3.11
"",2.019,400,4,1,1,162.881,-115.555,2.99657
"",3.267,500,5,1,0,-15.8378,249.498,4.1049
"",3.33,600,6,1,1,-39.5974,297.423,4.35816
"",1.514,100,7,2,1,47.6441,16.047,0.157217
"",2.043,200,8,2,0,-10.1908,-99.48,2.77834
"",3.319,300,9,2,1,96.9901,114.668,2.98155
"",1.592,400,10,2,1,-12.5569,-199.587,3.78303
"",1.663,500,11,2,0,243.151,58.085,2.51663
"",1.377,600,12,2,0,108.506,-279.687,4.2697
"",1.176,100,13,3,1,30.1855,-39.813,1.45827
yiqing,1.953,100,1,1,1,-48.9917,10.835,0.200283
yiqing,5.051,200,2,1,0,-67.059,74.183,2.35503
yiqing,55.681,300,3,1,0,-60.0638,137.453,3.24478
yiqing,2.059,400,4,1,0,-34.2859,196.967,3.76434
yiqing,1.493,500,5,1,0,105.742,226.474,3.96555
yiqing,1.886,600,6,1,1,-93.7097,285.048,4.29681
yiqing,2.073,100,7,2,1,34.7206,35.752,1.30668
yiqing,3.208,200,8,2,0,58.3229,81.382,2.48688
yiqing,1.439,300,9,2,1,45.198,142.989,3.30214
yiqing,2.99,400,10,2,0,86.1243,180.659,3.63815
yiqing,2.018,500,11,2,1,48.6481,245.187,4.07995
yiqing,1.857,600,12,2,0,-240.34,179.263,3.62877
yiqing,1.15,100,13,3,1,46.6339,18.786,0.365675
yiqing,2.928,200,14,3,1,-14.2988,-99.009,2.77098
yiqing,1.708,300,15,3,0,96.6346,-114.81,2.9845
yiqing,1.708,300,15,3,0,96.6346,-114.81,2.9845
yiqing,1.474,500,17,3,0,70.2147,239.806,4.04847
yiqing,2.767,600,18,3,0,264.932,-139.881,3.27204
yiqing,1.246,100,19,1,0,21.1472,-45.495,1.64477
yiqing,1.281,200,20,1,1,49.5165,-87.057,2.58369
yiqing,1.116,300,21,1,0,110.263,101.873,2.81149
yiqing,1.551,400,22,1,0,-50.1026,193.691,3.73915
yiqing,2.002,500,23,1,0,-125.164,-216.221,3.89933
yiqing,1.98,600,24,1,0,65.1065,292.752,4.33601
yiqing,1.407,100,25,2,1,18.5166,-46.451,1.6795
yiqing,1.515,200,26,2,0,24.9831,-96.913,2.73946
yiqing,1.867,300,27,2,1,124.547,83.92,2.53122
yiqing,1.225,400,28,2,1,57.2348,191.563,3.7242
yiqing,1.912,500,29,2,1,-33.4298,-247.688,4.09478
yiqing,1.903,600,30,2,1,-74.6898,290.61,4.3247
yiqing,1.702,100,31,3,1,-41.4688,28.438,0.963625
yiqing,2.411,200,32,3,1,85.2414,-51.709,1.83871
yiqing,1.637,300,33,3,0,-75.2699,129.557,3.16105
yiqing,1.487,400,34,3,0,9.7395,199.766,3.78416
yiqing,1.643,500,35,3,0,-21.2887,249.057,4.10255
yiqing,2.231,600,36,3,1,-211.731,212.882,3.87474
yiqing,2.512,100,37,1,1,-49.479,-9.624,0.207943
yiqing,1.361,200,38,1,1,96.7858,24.541,1.18978
yiqing,2.237,300,39,1,1,-6.9783,149.841,3.36927
yiqing,1.807,400,40,1,1,-166.836,110.404,2.92825
yiqing,1.807,400,40,1,1,-166.836,110.404,2.92825
yiqing,1.82,600,42,1,1,136.903,-266.72,4.20215
yiqing,2.298,100,43,2,0,-4.02095,49.873,1.7812
yiqing,1.741,200,44,2,1,-79.1378,61.143,2.07604
yiqing,3.219,300,45,2,1,10.1254,-149.657,3.36754
yiqing,1.648,400,46,2,1,83.7855,181.748,3.64687
yiqing,2.22,500,47,2,0,182.422,170.936,3.55937
yiqing,1.668,600,48,2,0,-47.792,296.142,4.35229
yiqing,1.058,100,49,3,1,0.7163,49.994,1.78573
yiqing,1.362,200,50,3,0,83.8536,-54.831,1.91621
yiqing,1.355,300,51,3,1,33.0316,146.341,3.33499
yiqing,1.355,300,51,3,1,33.0316,146.341,3.33499
yiqing,0.006,500,53,3,1,209.268,-137.036,3.2396
yiqing,0.006,500,53,3,1,209.268,-137.036,3.2396
ea3,2.274,400,1,3,0,89.1352,-179.035,3.62614
ea3,8.831,500,2,2,1,-71.27,239.54,4.04662
ea3,3.085,100,3,1,1,31.2265,39,1.42855
ea3,20.007,400,4,1,1,21.4865,198.836,3.7775
ea3,3.519,400,5,3,1,-0.34005,200,3.78587
ea3,1.325,300,6,3,0,-92.6893,118.217,3.02518
ea3,1.357,200,7,1,0,-22.1593,97.595,2.74961
ea3,1.898,500,8,1,1,-1.84335,249.996,4.10776
ea3,5.756,300,9,3,1,94.8802,116.377,3.00321
ea3,89.545,300,10,3,1,36.8335,145.392,3.32597
test,1.335,400,1,1,1,-191.559,58.673,2.17005
test,1.356,500,2,3,1,-175.376,-177.928,3.61815
test,1.328,100,3,3,1,4.5195,49.79,1.77996
yiping,14.205,400,1,3,1,-43.3364,195.245,3.75119
yiping,5.529,100,2,1,0,-18.0725,46.659,1.68504
yiping,4.46,400,3,2,1,-129.229,-152.364,3.39493
yiping,1.905,100,4,1,1,49.6883,-8.441,0.841974
yiping,2.887,300,5,3,1,-116.308,94.944,2.70968
yiping,1.763,400,6,2,0,162.951,115.311,2.99412
yiping,3.503,600,7,1,1,-287.856,83.986,3.38853
yiping,2.123,200,8,1,0,28.5074,95.883,2.72477
yiping,1.963,300,9,1,1,-56.876,138.712,3.25874
yiping,1.595,400,10,3,1,186.416,73.605,2.75799
yiping,2.997,600,11,3,1,244.376,-173.904,3.58447
yiping,1.781,300,12,1,0,-22.7565,148.298,3.35405
yiping,3.42,300,13,2,1,107.121,-104.737,2.85442
yiping,3.118,100,14,1,0,-38.6293,-31.831,1.13281
yiping,3.678,500,15,1,0,-10.9361,249.751,4.10642
yiping,2.214,200,16,3,0,7.1102,99.781,2.78222
yiping,1.611,500,17,3,0,-39.2369,246.929,4.08982
yiping,1.599,200,18,1,1,-88.7904,45.242,1.696
yiping,1.391,400,19,3,1,158.248,121.844,3.07292
yiping,2.379,500,20,2,1,-157.875,-194.117,3.74158
yiping,1.981,200,21,3,1,-38.5187,-92.15,2.66971
yiping,1.201,400,22,2,1,156.469,124.146,3.09981
yiping,1.4,600,23,2,1,276.532,117.206,3.32828
yiping,1.92,600,24,3,0,-115.472,276.854,4.25515
yiping,1.841,600,25,1,1,229.638,192.766,3.73359
yiping,1.802,500,26,3,0,64.1411,241.586,4.05867
yiping,1.86,600,27,1,1,-1.9644,299.993,4.37081
yiping,2.059,200,28,2,0,44.1369,89.508,2.62887
yiping,1.694,500,29,2,1,-173.006,180.909,3.63931
yiping,1.544,200,30,2,1,-54.1922,84.143,2.53558
yiping,2.833,200,31,1,0,-85.0679,52.708,1.86091
yiping,1.852,400,32,1,1,-194.687,46.156,2.82305
yiping,1.977,200,33,3,0,-17.5685,98.426,2.76325
yiping,1.183,100,34,2,1,-49.5895,8.96,0.839323
yiping,1.43,100,35,3,1,22.946,-44.424,1.61528
yiping,1.43,100,35,3,1,22.946,-44.424,1.61528
yiping,1.43,100,35,3,1,22.946,-44.424,1.61528
yiping,1.43,100,35,3,1,22.946,-44.424,1.61528
liiii,5.151,200,1,2,0,17.6936,98.3074,2.77956
liiii,5.12,400,2,3,1,47.447,194.231,3.7496
liiii,1.629,100,3,1,0,-16.4895,-47.3721,1.70891
liiii,2.128,300,4,1,0,126.19,-80.7357,2.48455
liiii,29.795,600,5,2,0,-280.913,105.796,2.87186
liiii,1.284,100,6,3,1,37.3853,-32.8359,1.19176
liiii,6.163,600,7,3,1,94.7023,-284.914,4.27876
liiii,4.638,600,8,2,1,-134.671,-267.945,4.19188
liiii,1.567,200,9,3,1,53.4632,-84.5146,2.52659
liiii,1.861,200,10,3,1,62.5413,77.8778,2.41038
liiii,2.366,500,11,3,1,-125.07,-216.343,3.88332
liiii,2.134,600,12,1,1,260.518,149.918,3.3508
liiii,1.495,100,13,3,0,-50.3634,-3.7845,0.230875
liiii,2.333,600,14,2,0,220.967,-202.359,3.78811
liiii,2.62,600,15,3,1,163.697,-251.191,4.09903
liiii,2.711,600,16,3,1,-146.887,261.565,4.15662
liiii,4.123,300,17,2,0,42.8335,143.997,3.29319
liiii,10.91,300,18,3,0,41.1334,144.484,3.29813
liiii,1.886,100,19,1,0,45.4115,-19.7865,0.445457
liiii,4.537,500,20,1,1,165.138,188.062,3.67901
liiii,2.197,200,21,1,1,14.192,99.1441,2.75476
liiii,2.605,300,22,3,0,78.8762,127.879,3.12178
liiii,3.003,200,23,1,0,40.7085,-91.1115,2.63809
liiii,3.459,300,24,2,1,78.8892,-127.647,3.121
liiii,3.926,200,25,2,1,-91.654,40.3201,1.45708
liiii,5.143,600,26,1,0,-110.877,278.562,4.24827
liiii,4.4,100,27,2,1,-4.55195,-49.6319,1.76335
liiii,1.726,200,28,2,1,71.9651,-69.6234,2.24513
liiii,3.511,300,29,2,0,-148.805,16.5476,1.81103
liiii,1.936,400,30,1,1,59.593,-190.727,3.7022
liiii,4.533,600,31,1,1,129.416,270.784,4.20595
liiii,5.641,500,32,2,1,107.873,225.35,3.94249
liiii,3.556,400,33,1,1,-53.9729,-192.386,3.71474
liiii,2.468,400,34,2,1,-44.0709,-194.933,3.73343
liiii,38.553,400,35,3,0,-111.588,165.891,3.50013
liiii,5.827,500,36,3,0,-120.545,-218.746,3.90002
liiii,7.689,100,37,3,1,-4.8172,49.5363,1.7626
liiii,1.504,100,38,1,0,47.2715,-17.965,0.276291
liiii,3.589,500,39,2,1,115.198,222.14,3.91951
liiii,2.578,500,40,3,0,202.438,-147.506,3.3274
liiii,3.059,400,41,3,1,117.854,161.703,3.46206
liiii,2.154,400,42,1,1,72.8985,-186.432,3.66676
liiii,3.781,300,43,3,0,93.5585,116.84,2.99698
liiii,4.522,500,44,1,1,-90.6886,232.78,3.98938
liiii,2.645,400,45,2,1,-6.74685,-199.765,3.76857
liiii,2.598,400,46,2,1,125.463,155.603,3.4081
liiii,4.261,100,47,2,1,-49.5658,3.8786,0.230534
liiii,3.156,300,48,1,1,136.686,-63.1049,2.09993
liiii,2.104,500,49,2,1,238.002,-76.1358,2.48658
liiii,2.267,500,50,1,1,-31.8769,-247.802,4.07948
liiii,1.613,200,51,3,1,5.82305,-99.6599,2.76693
liiii,3.186,300,52,1,1,138.783,-56.5779,1.94892
liiii,3.129,100,53,2,0,-17.3708,-46.6654,1.67578
liiii,2.545,200,54,1,1,28.0352,-95.9634,2.71031
David White,11.272,200,1,2,0,1.9,-99.983,2.73671
David White,2.286,200,2,2,0,-3.45,-99.933,2.73611
David White,2.139,600,3,1,1,122.117,274.017,4.19125
David White,1.39,500,4,3,0,126.667,215.533,3.84489
David White,1.846,300,5,1,1,-26.8,-147.583,3.29852
David White,1.165,300,6,3,1,26.017,-147.733,3.2999
David White,1.529,500,7,2,0,236.217,-81.85,2.9298
David White,1.416,500,8,2,1,-161.433,-190.883,3.66969
David White,1.084,100,9,3,1,-30.333,-39.75,1.40595
David White,1.035,300,10,2,1,-43.167,-143.65,3.25956
David White,1.271,400,11,1,1,-55.117,-192.25,3.67999
David White,1.203,400,12,1,0,-183.65,-79.217,2.56657
David White,0.928,100,13,3,1,2.717,-49.933,1.73483
David White,1.409,500,14,3,1,-202.633,146.433,3.28717
David White,2.059,100,15,1,0,43.367,-24.883,0.730238
Hiro,5.092,500,1,2,1,58.9965,-242.924,4.0418
David White,1.551,600,16,3,1,27.517,298.733,4.31583
David White,1.023,200,17,1,0,42.917,-90.317,2.59011
Hiro,1.68,400,2,2,1,35.743,-196.492,3.73773
David White,0.94,100,18,2,1,20.533,-45.583,1.6037
David White,1.665,300,19,2,0,82.517,-125.267,3.06194
David White,1.164,400,20,2,1,6.95,-199.883,3.73609
Hiro,5.049,400,3,3,1,-54.299,192.464,3.70597
David White,1.376,300,21,3,1,80.1,126.817,3.07976
David White,2.164,600,22,2,0,75.05,290.467,4.27531
Hiro,3.388,100,4,1,0,19.587,-45.664,1.63939
David White,1.369,500,23,3,0,-152.55,-198.067,3.72293
David White,1.142,200,24,3,0,28.067,-95.983,2.67778
David White,1.002,100,25,3,0,-25.833,-42.817,1.51304
Hiro,6.239,200,5,1,0,70.2103,-70.946,2.26869
David White,1.07,200,26,1,1,39.917,91.683,2.61175
David White,1.348,400,27,3,1,-73.933,185.833,3.63097
Hiro,1.317,300,6,1,1,-52.0265,140.712,3.25375
David White,1.204,600,28,2,0,166.25,249.717,4.05728
David White,0.986,100,29,1,1,42.917,-25.65,0.774056
Hiro,2.758,500,7,1,1,-169.639,183.696,3.63829
David White,1.657,600,30,1,1,120.2,-274.867,4.1957
Milena Silva,2.838,600,1,3,1,-76.7664,-289.985,4.32198
Hiro,1.49,600,8,3,1,213.562,-210.628,3.83613
David White,2.57,300,31,1,1,-76.417,129.083,3.1052
Rob,3.769,300,1,3,1,-52.2403,-140.811,3.27782
Milena Silva,1.118,100,2,3,1,-46.1815,-18.173,0.758643
David White,1.124,100,32,2,1,-42.883,25.7,0.776967
Hiro,2.48,300,9,1,1,-120.336,90.084,2.60749
David White,1.191,100,33,1,1,38.067,-32.417,1.1118
David White,1.091,600,34,2,0,275.783,118.083,3.15319
Milena Silva,1.391,600,3,2,0,-282.246,102.942,3.35737
Hiro,3.615,600,10,1,1,207.457,216.841,3.87738
David White,1.201,200,35,2,1,-7.067,-99.75,2.73335
Rob,3.446,100,2,1,0,-7.51816,49.4837,1.76941
David White,0.978,100,36,2,1,27.267,-41.917,1.48242
Milena Silva,1.133,100,4,2,1,-31.0916,-39.17,1.43341
Hiro,2.014,400,11,3,1,-187.427,69.4,2.23521
David White,1.767,500,37,1,0,-80,236.85,3.98096
Hiro,1.556,100,12,1,1,15.559,-47.198,1.6868
Milena Silva,2.553,600,5,1,0,124.324,-273.137,4.23502
David White,1.34,400,38,2,1,78.95,183.767,3.61478
David White,0.953,200,39,3,1,-11.45,99.35,2.72745
David White,1.062,400,40,3,1,131.8,150.433,3.32606
David White,1.332,400,41,1,1,110.367,-166.8,3.47503
David White,1.368,500,42,1,0,-66.217,241.067,4.00642
David White,1.199,500,43,2,1,92.55,232.233,3.95257
Milena Silva,2.016,500,6,1,0,-13.778,-249.634,4.10561
David White,1.094,300,44,2,1,-20.7,148.567,3.30806
Milena Silva,1.619,500,7,3,1,-56.799,-243.54,4.0696
David White,1.536,600,45,3,1,107.85,-279.95,4.22211
Rob,19.842,500,3,1,0,-77.2659,-238.013,4.03553
David White,1.7,400,46,2,1,-41.783,-195.583,3.70477
Milena Silva,1.033,300,8,2,1,138.727,57.749,2.33218
David White,1.451,200,47,1,0,-6.633,99.783,2.73379
Milena Silva,1.362,400,9,1,1,-191.266,57.66,2.79975
David White,1.277,600,48,3,0,-44.483,296.683,4.30589
David White,1.423,400,49,3,1,25.917,198.317,3.72475
Rob,3.918,200,4,1,1,-95.5672,-31.8689,1.78644
Milena Silva,1.959,600,10,1,0,-60.1009,-294.012,4.34131
David White,1.197,600,50,1,1,58.867,294.167,4.2936
Hiro,2.128,200,13,2,1,-28.4785,95.878,2.70022
David White,1.029,300,51,1,1,-96.6,114.75,2.93549
Milena Silva,2.127,600,11,2,1,-265.736,-139.079,3.27282
Hiro,1.398,200,14,2,1,26.7061,-96.059,2.70751
David White,1.243,300,52,3,1,91.7,118.717,2.98441
Rob,2.144,500,5,2,1,-39.7295,-246.833,4.08935
David White,1.198,200,53,3,1,-61.117,-79.15,2.39963
Hiro,1.301,300,15,3,1,-82.5087,-124.862,3.08482
Milena Silva,1.487,400,12,3,1,119.678,159.978,3.46527
Hiro,1.251,600,16,1,1,-153.99,257.5,4.12563
David White,1.197,500,54,1,0,222.167,114.65,2.93417
Rob,1.308,200,6,2,1,40.8334,90.9619,2.65345
Milena Silva,1.645,500,13,1,0,-50.4753,-244.763,4.07776
Hiro,1.468,400,17,3,1,134.027,-148.391,3.33092
Milena Silva,1.645,500,13,1,0,-50.4753,-244.763,4.07776
Rob,1.437,500,7,3,1,-90.3468,233.303,4.00701
Milena Silva,1.645,500,13,1,0,-50.4753,-244.763,4.07776
Rob,1.296,500,8,1,1,76.7811,-237.824,4.03628
Hiro,5.73,400,18,1,0,28.3703,198.226,3.74659
Rob,1.342,300,9,1,0,-47.336,-142.335,3.29517
Rob,1.117,300,10,3,0,67.4102,-133.679,3.2074
Hiro,1.193,100,19,2,1,6.15005,-49.344,1.75009
Rob,1.535,100,11,3,1,-34.2889,36.9695,1.33813
Hiro,1.646,600,20,2,1,93.457,285.252,4.27263
Rob,2.128,400,12,3,1,189.095,63.6219,2.78514
Hiro,1.933,500,21,1,0,-111.068,224.229,3.92486
Rob,0.987,100,13,2,1,-33.9215,-37.3494,1.35198
Hiro,1.854,300,22,1,0,131.033,-72.738,2.30326
Rob,1.206,400,14,2,0,182.688,-79.3648,2.73779
Rob,1.542,500,15,3,1,-2.25775,-249.99,4.10774
Hiro,2.662,400,23,2,1,-75.9751,184.972,3.64876
Rob,0.951,200,16,3,0,74.8568,-65.6564,2.18509
Hiro,1.488,600,24,3,1,-135.437,-267.644,4.18172
Rob,1.026,100,17,3,0,-24.5328,-43.9392,1.59014
Rob,1.48,400,18,3,0,-111.491,-166.6,3.51892
Hiro,2.742,600,25,2,1,-36.363,297.778,4.3355
Rob,1.173,400,19,3,0,57.529,-191.479,3.72353
Hiro,1.318,500,26,3,1,241.264,66.63,2.50364
Rob,1.744,200,20,1,1,-41.9019,90.8804,2.64683
Rob,1.184,500,21,2,1,130.076,-213.495,3.88008
Hiro,2.727,200,27,1,0,-50.846,86.483,2.54706
Rob,1.054,500,22,2,0,145.563,-202.949,3.80841
Hiro,1.657,500,28,3,1,239.079,-72.877,2.49257
Rob,1.247,600,23,3,0,197.555,-225.551,3.96012
Rob,1.929,200,24,1,0,14.8148,-98.8694,2.76986
Hiro,1.591,200,29,3,1,-72.1311,-69.171,2.23035
Rob,1.31,600,25,2,1,-261.496,-147.66,3.34668
Hiro,1.602,600,30,1,1,23.702,299.295,4.34167
Rob,1.223,500,26,1,0,83.668,-235.5,4.02206
Hiro,1.618,300,31,3,1,-134.56,-66.11,2.16489
Rob,1.273,600,27,2,0,-75.8732,-290.359,4.32319
Rob,1.225,300,28,3,1,-13.8406,149.392,3.36467
Hiro,1.421,600,32,2,0,140.434,265.175,4.16784
Hiro,1.171,100,33,3,1,38.2999,32.245,1.12645
Rob,1.993,600,29,3,1,59.6861,-293.857,4.34168
Rob,1.248,300,30,2,0,46.9669,-142.455,3.2964
Hiro,1.771,100,34,2,0,48.8466,11.302,0.197111
Hiro,2.74,400,35,1,0,125.05,156.166,3.40384
Hiro,2.471,200,36,1,1,-73.84,67.917,2.19838
Hiro,3.113,600,37,3,0,-57.0229,294.822,4.31968
Rob,1.955,600,31,1,0,199.587,223.277,3.94722
Hiro,1.269,300,38,2,1,66.1955,-134.573,3.18987
Rob,1.259,600,32,2,0,-83.7791,288.29,4.31235
Hiro,1.644,100,39,3,1,8.0525,-49.337,1.74225
Rob,1.548,300,33,1,0,8.00021,149.78,3.36878
Hiro,1.119,200,40,3,1,-54.3857,-83.513,2.50619
Rob,1.357,100,34,2,1,-14.6799,-47.9495,1.72125
Hiro,2.62,500,41,1,0,212.878,-131.312,3.15352
Rob,2.392,200,35,2,1,-87.2738,-48.8607,1.75233
Hiro,2.352,500,42,2,0,191.715,160.69,3.44462
Rob,1.19,100,36,1,0,-49.1321,-12.9124,0.814319
Hiro,1.456,200,43,2,1,64.297,-76.662,2.37699
Rob,1.453,600,37,1,0,-100.572,-282.961,4.28502
Hiro,1.269,300,44,3,1,-48.2725,142.041,3.26733
Rob,1.078,300,38,2,1,89.7615,-119.526,3.04823
Hiro,1.059,200,45,3,1,-54.1845,84.088,2.5107
Rob,1.011,100,39,1,0,-34.0734,-36.6069,1.33576
Rob,1.645,600,40,1,0,-246.617,-171.182,3.56042
Hiro,1.788,300,46,2,1,-41.585,-144.096,3.28847
Rob,1.171,400,41,1,1,52.6752,-192.922,3.73401
Hiro,3.184,400,47,2,0,45.2556,194.845,3.72331
Rob,1.471,300,42,1,0,-139.645,-55.4959,2.34168
Hiro,1.482,500,48,2,1,22.3529,-249.006,4.07735
Rob,1.121,300,43,2,1,24.6166,-147.962,3.35114
Hiro,2.157,300,49,2,1,24.7101,148.165,3.32639
Rob,1.261,400,44,1,0,-26.9763,-198.295,3.77265
Rob,1.143,200,45,2,1,-67.9565,-73.7286,2.34229
Hiro,1.102,100,50,1,1,33.3867,-37.346,1.33753
Rob,1.161,400,46,1,0,-85.1371,-181.187,3.64197
Hiro,1.465,400,51,1,1,160.107,119.825,3.02228
Rob,1.094,100,47,3,1,-2.84201,49.9379,1.78354
Hiro,1.52,100,52,2,1,-21.038,-45.319,1.62044
Rob,1.038,100,48,2,0,-37.8407,-33.6423,1.19607
Hiro,1.77,500,53,3,1,-228.225,-101.853,2.78816
Rob,1.044,200,49,3,1,-76.8942,-64.9973,2.15448
Hiro,1.084,100,54,3,1,40.1213,-29.905,1.01851
Rob,1.426,600,50,3,0,180.398,-239.253,4.04613
Rob,1.426,600,50,3,0,180.398,-239.253,4.04613
Rob,1.426,600,50,3,0,180.398,-239.253,4.04613
Rob,1.426,600,50,3,0,180.398,-239.253,4.04613
Rob,1.426,600,50,3,0,180.398,-239.253,4.04613
Rob,1.426,600,50,3,0,180.398,-239.253,4.04613
Rob,1.426,600,50,3,0,180.398,-239.253,4.04613
Rob,1.426,600,50,3,0,180.398,-239.253,4.04613
kemptond,1.63,200,1,3,0,-40.9078,-91.253,2.65378
oscar smith,1.973,500,1,3,1,-172.117,-181.317,3.64439
kemptond,2.316,200,2,1,1,-9.05495,-99.562,2.77993
oscar smith,1.616,400,2,3,0,114.733,163.817,3.49797
kemptond,1.439,100,3,3,1,-7.7288,-49.361,1.7684
oscar smith,1.397,100,3,2,1,32.75,-37.783,1.38165
oscar smith,1.067,100,4,3,1,1.167,49.983,1.78548
kemptond,1.635,400,4,3,1,-47.5538,194.205,3.74387
heyo,2.991,400,1,1,0,123.047,157.881,3.41396
oscar smith,1.524,400,5,2,1,-42.083,195.517,3.75321
kemptond,1.384,100,5,2,1,41.5451,-28.248,0.955221
oscar smith,1.491,400,6,3,0,162.2,117,3.01242
kemptond,2.706,600,6,1,1,53.2687,295.168,4.34772
oscar smith,1.518,300,7,3,1,145.8,35.25,2.43295
heyo,5.26,400,2,1,1,30.5775,-197.916,3.73932
oscar smith,1.265,100,8,2,0,34.767,-35.933,1.30928
kemptond,1.797,300,7,2,1,27.1131,-147.582,3.34689
oscar smith,1.439,200,9,1,1,-59.883,80.083,2.4655
kemptond,2.582,400,8,1,1,-45.7395,194.714,3.74713
heyo,3.224,600,3,1,1,-235.987,185.147,3.64525
kemptond,2.886,300,9,3,1,-137.123,-60.256,2.05719
oscar smith,8.271,100,10,1,0,-44.417,-22.95,0.718276
heyo,2.011,300,4,2,1,45.2295,-142.909,3.27243
kemptond,2.874,400,10,1,1,15.3736,-199.38,3.7816
oscar smith,1.986,500,11,2,0,-10.467,249.783,4.10654
oscar smith,1.094,200,12,3,1,96.267,-27.1,1.83396
heyo,2.107,600,5,1,0,-157.281,255.477,4.10948
kemptond,1.993,600,11,3,0,168.245,248.377,4.09843
oscar smith,1.363,600,13,1,1,-49.167,295.95,4.3512
heyo,1.715,200,6,3,1,-0.1455,99.798,2.75633
kemptond,1.851,400,12,1,0,24.4967,-198.449,3.77497
oscar smith,2.077,600,14,3,0,97.167,283.833,4.2909
kemptond,2.505,100,13,2,0,-8.20035,-49.381,1.76625
heyo,2.325,300,7,3,1,-136.917,-59.839,2.02106
oscar smith,2.329,400,15,1,0,87.483,179.85,3.63268
kemptond,1.564,600,14,1,1,194.704,228.18,3.97624
heyo,2.259,100,8,3,1,31.2655,39.582,1.40659
oscar smith,1.429,300,16,3,1,-51.783,140.783,3.27931
kemptond,1.944,100,15,3,1,-25.4175,-43.094,1.57053
heyo,2.04,500,9,2,0,154.489,-196.566,3.73129
oscar smith,1.848,100,17,3,1,-4.467,49.8,1.78009
oscar smith,1.088,300,18,1,1,-45.217,143.017,3.30211
heyo,2.226,400,10,3,0,116.607,162.895,3.4579
kemptond,1.841,200,16,1,1,-61.0995,79.212,2.44911
oscar smith,1.33,300,19,2,1,140.85,-51.617,2.38303
kemptond,1.281,200,17,3,1,26.6432,96.452,2.73283
heyo,1.873,100,11,2,1,10.4695,-49.183,1.72436
oscar smith,0.92,200,20,3,0,10.733,99.417,2.77752
kemptond,1.593,500,18,3,0,119.116,219.955,3.92229
heyo,1.547,200,12,2,1,-41.8125,90.666,2.61723
oscar smith,1.195,300,21,2,0,48.817,141.833,3.29008
heyo,1.72,100,13,1,1,6.8505,49.767,1.74279
oscar smith,1.618,600,22,2,1,288.75,81.4,3.41877
kemptond,1.869,500,19,1,0,-14.0138,249.607,4.10553
kemptond,1.14,100,20,2,0,8.80705,-49.269,1.76319
oscar smith,1.426,600,23,1,0,25.167,298.95,4.36574
heyo,2.169,600,14,3,1,-212.529,212.197,3.84016
oscar smith,1.04,100,24,1,0,18.217,-46.567,1.68316
kemptond,1.306,500,21,2,1,-217.819,122.185,3.0764
heyo,1.62,400,15,2,1,100.993,173.07,3.54493
oscar smith,1.641,600,25,3,1,-8.483,299.883,4.37026
kemptond,1.508,500,22,2,0,18.2027,249.31,4.10397
heyo,1.601,200,16,1,1,43.0115,90.284,2.60879
kemptond,1.708,600,23,2,1,297.03,41.666,2.80564
heyo,1.421,100,17,3,1,-28.6115,41.386,1.47454
oscar smith,2.621,500,26,2,1,-82.383,236.033,4.02488
kemptond,1.405,500,24,3,1,173.624,-179.814,3.63263
heyo,1.912,100,18,3,0,20.9307,-45.505,1.61789
heyo,1.369,200,19,2,1,39.7005,-91.706,2.63242
kemptond,1.743,500,25,3,1,159.017,-192.566,3.73275
oscar smith,3.773,200,27,1,1,84.733,-53.1,1.87271
heyo,1.891,500,20,2,0,74.1825,239.03,4.01193
oscar smith,1.489,600,28,3,1,232.2,189.967,3.71159
kemptond,3.351,200,26,2,1,14.2181,99.025,2.77116
heyo,1.679,600,21,3,1,203.833,220.761,3.89655
oscar smith,1.524,200,29,2,1,41.667,-90.9,2.6483
kemptond,1.664,500,27,1,1,72.9165,239.111,4.04366
heyo,1.456,100,22,1,0,-20.3223,-45.786,1.62662
oscar smith,1.178,300,30,2,0,84.667,123.817,3.09411
heyo,1.958,500,23,1,0,-86.8955,234.505,3.98545
kemptond,1.535,400,28,2,0,85.2676,180.743,3.64092
oscar smith,2.847,500,31,1,1,-88.917,233.65,4.01024
heyo,1.92,300,24,3,1,104.58,107.475,2.86072
kemptond,1.577,300,29,1,1,-80.326,126.496,3.12646
oscar smith,1.547,300,32,1,1,130.683,73.633,2.3443
heyo,1.837,500,25,3,0,-12.3745,249.879,4.07649
kemptond,1.608,500,30,2,1,-163.145,189.785,3.70869
heyo,1.624,100,26,1,1,21.6065,45.098,1.60727
oscar smith,2.285,500,33,3,1,-120.667,218.95,3.91648
kemptond,1.061,100,31,1,1,47.211,-17.271,0.244501
heyo,1.773,100,27,2,1,-5.5335,49.724,1.74745
kemptond,1.553,200,32,2,1,-12.217,-99.301,2.77504
oscar smith,2.677,200,34,1,1,71.433,-69.983,2.27093
heyo,1.891,500,28,3,1,-218.868,119.821,3.01998
kemptond,1.594,100,33,1,0,18.521,-46.557,1.6799
oscar smith,1.312,100,35,1,0,18.883,46.3,1.67488
heyo,1.157,300,29,1,1,17.3398,149.111,3.3316
kemptond,1.319,300,34,2,1,130.089,73.952,2.35401
oscar smith,1.516,100,36,3,0,44.833,-22.15,0.731423
heyo,1.534,300,30,1,0,-61.1522,137.004,3.21024
kemptond,3.131,400,35,2,1,81.466,-182.785,3.65517
heyo,1.557,400,31,2,1,-115.753,162.588,3.46056
oscar smith,2.72,500,37,1,0,128.433,-214.483,3.88676
kemptond,1.294,300,36,2,0,4.61465,-149.917,3.37015
oscar smith,2.485,400,38,1,0,-55.1,192.267,3.72894
heyo,3.646,600,32,3,0,86.5987,-287.327,4.27857
kemptond,1.051,100,37,3,1,28.281,-40.946,1.50452
oscar smith,2.186,600,39,2,1,-180.083,239.933,4.04852
heyo,1.634,300,33,2,0,-57.2535,138.725,3.22783
kemptond,2.03,600,38,3,1,-109.323,279.533,4.26817
heyo,1.396,200,34,1,1,99.0918,14.568,1.21925
oscar smith,2.459,500,40,1,0,56.367,-243.567,4.07017
kemptond,2.345,400,39,3,1,-103.616,171.316,3.561
heyo,1.648,600,35,2,1,79.6585,-289.551,4.28867
oscar smith,2.127,500,41,2,0,-172.467,180.983,3.64173
kemptond,1.399,400,40,3,1,101.259,172.435,3.57216
heyo,1.593,600,36,2,1,201.031,223.31,3.91313
oscar smith,2.016,500,42,3,1,131.217,-212.8,3.87535
kemptond,1.943,600,41,3,1,38.1472,297.596,4.35908
heyo,1.696,500,37,1,1,-196.393,-154.41,3.3841
kemptond,1.717,500,42,1,0,154.221,-196.481,3.76155
oscar smith,2.079,100,43,2,1,49.367,7.933,0.870578
heyo,2.445,400,38,3,1,0.0575,199.8,3.75633
kemptond,1.433,100,43,1,0,-45.5368,-20.667,0.511067
oscar smith,1.857,400,44,3,1,38.217,196.317,3.75904
heyo,1.838,500,39,2,1,58.5985,-242.904,4.03745
kemptond,1.906,400,44,2,0,62.5881,190.049,3.7116
oscar smith,1.795,300,45,3,1,35.517,-145.733,3.32922
heyo,1.775,600,40,2,0,-106.058,280.53,4.24492
kemptond,1.643,200,45,3,1,16.0779,98.631,2.76696
oscar smith,1.649,600,46,2,0,-94.417,284.75,4.29559
heyo,1.949,300,41,2,1,125.738,-82.661,2.47705
oscar smith,1.595,200,47,3,1,85.7,51.533,1.82943
kemptond,2.678,200,46,1,1,17.9167,98.316,2.76231
heyo,1.863,400,42,3,0,161.719,117.971,2.9935
kemptond,1.583,300,47,3,1,116.854,-93.972,2.69664
oscar smith,2.163,600,48,1,0,127.3,271.65,4.22763
heyo,1.787,200,43,1,0,-89.9003,43.597,1.55988
kemptond,1.211,200,48,2,1,88.8355,45.795,1.65994
heyo,1.334,100,44,2,1,20.8085,-45.395,1.61876
oscar smith,3.154,400,49,2,0,21.8,-198.8,3.77725
kemptond,1.828,300,49,1,1,-3.7225,149.955,3.37039
heyo,1.886,400,45,1,1,16.0748,199.465,3.75166
kemptond,1.522,600,50,2,1,142.278,-264.271,4.18723
oscar smith,1.631,200,50,2,1,-98.033,19.767,1.86022
kemptond,1.39,600,51,1,1,229.184,-193.926,3.74032
heyo,2.282,600,46,1,1,-243.225,-175.21,3.56656
oscar smith,1.748,200,51,2,1,86.05,-50.933,1.81264
kemptond,1.311,300,52,1,0,-23.4668,-148.154,3.35296
heyo,1.524,500,47,3,1,-232.352,90.868,2.62113
oscar smith,2.562,400,52,2,1,75.517,185.2,3.67493
heyo,1.166,200,48,3,1,80.7675,59.859,2.00833
kemptond,1.369,600,53,2,1,124.31,272.844,4.23478
oscar smith,1.639,300,53,1,1,46.183,142.717,3.299
kemptond,1.392,300,54,3,1,93.1219,117.264,3.01812
heyo,2.117,500,49,1,0,92.7428,232.319,3.97159
heyo,2.117,500,49,1,0,92.7428,232.319,3.97159
heyo,2.117,500,49,1,0,92.7428,232.319,3.97159
heyo,2.117,500,49,1,0,92.7428,232.319,3.97159
heyo,2.117,500,49,1,0,92.7428,232.319,3.97159
heyo,2.117,500,49,1,0,92.7428,232.319,3.97159
heyo,2.117,500,49,1,0,92.7428,232.319,3.97159
heyo,2.117,500,49,1,0,92.7428,232.319,3.97159
heyo,2.117,500,49,1,0,92.7428,232.319,3.97159
heyo,2.117,500,49,1,0,92.7428,232.319,3.97159
wsgi,5.136,500,1,2,1,226.302,106.855,2.88002
wsgi3,20.31,100,1,2,1,-35.9325,34.833,1.26311
superman,1.575,500,1,3,1,-6.87205,249.9,4.10726
superman,3.085,500,1,3,0,-214.625,-128.19,3.1442
superman,1.899,500,2,2,1,-221.986,-114.186,2.97939
superman,3.338,100,3,1,1,-16.2485,47.35,1.70557
superman,1.357,200,4,2,1,-20.6556,97.925,2.75447
superman,1.052,300,5,1,1,17.9034,148.88,3.36048
superman,2.75,600,6,1,0,257.193,-153.788,3.40843
superman,1.239,200,7,1,0,-7.9795,-99.696,2.78127
superman,1.286,600,8,3,1,-135.008,-267.798,4.20748
superman,1.169,200,9,3,1,35.9901,93.458,2.68613
superman,0.965,200,10,2,1,54.3929,84.049,2.53353
superman,97.89,500,1,1,0,-16.7371,249.504,4.10456
superman,1.712,100,2,2,1,37.8577,31.9701,1.15369
superman,2.634,200,3,2,1,76.5137,-63.9197,2.14454
superman,56,200,4,3,1,20.5705,97.7364,2.75461
superman,134.998,600,1,3,0,-202.014,221.959,3.93556
superman,190.331,500,1,1,1,-178.75,175.133,3.59291
superman,4.493,500,2,3,1,-156.7,195.133,3.74881
superman,13.883,500,2,1,0,73.5228,238.947,4.04255
superman,25.47,300,5,2,1,-36.9063,145.487,3.32585
superman,2.372,300,1,2,1,-67.3894,-134.206,3.20864
superman,50.626,100,2,2,1,-33.759,37.2365,1.35314
superman,1023.16,600,6,1,1,225.891,196.968,3.76526
superman,1.217,200,7,1,1,-93.4105,-36.1868,1.31689
superman,1.286,600,8,2,0,-172.827,245.348,4.08018
superman,1049.68,500,3,2,1,-228.467,101.55,2.80796
superman,1.313,600,4,3,1,165.133,-250.15,4.10992
superman,10.537,500,9,1,0,-125.516,216.316,3.89847
superman,1056.62,300,3,3,0,4.2494,149.928,3.37026
superman,8.799,100,10,3,1,32.1331,-37.4528,1.38795
superman,476.158,300,11,1,0,-64.5801,-135.475,3.22313
superman,1.326,300,12,2,1,-133.105,-70.2756,2.272
superman,1.275,300,13,3,1,130.355,73.1743,2.34021
superman,1.13,300,14,1,0,-1.09308,150,3.3708
superman,1.084,500,15,1,1,245.56,-43.7281,2.45116
superman,1.03,400,16,3,1,-161.304,-119.036,3.03388
superman,1.477,200,54,2,1,7.39789,99.6643,2.78191
superman,2.217,500,1,3,1,47.183,-245.5,4.08164
superman,2.794,200,2,1,1,-96.6,25.85,1.10211
superman,1.405,100,1,2,1,-23.344,43.995,1.60694
superman,1.484,300,2,2,0,0.6355,-149.998,3.37082
superman,1.036,300,3,2,1,-19.1066,148.828,3.35905
superman,1.136,100,1,3,1,-5.38895,-49.662,1.77743
superman,1.323,500,1,3,1,102.641,-227.962,3.97465
superman,2.609,400,2,3,1,70.3198,187.233,3.69069
superman,1.708,600,3,1,1,-25.643,-298.866,4.36555
superman,1.272,400,4,1,1,-171.427,-102.327,2.82163
superman,1.687,100,5,3,1,-14.9582,-47.708,1.71824
superman,1.375,500,6,3,1,44.519,246.042,4.08457
superman,1.134,200,7,1,1,51.9074,-85.234,2.55832
superman,1.815,500,8,2,1,77.024,-237.973,4.03594
superman,1.325,300,9,3,1,70.7091,132.509,3.1901
superman,1.342,500,10,1,1,-195.908,-154.783,3.418
superman,1.21,200,11,1,0,22.6554,97.308,2.7478
superman,1.323,400,12,1,1,-45.3426,-194.883,3.74785
superman,1.217,100,13,1,1,23.841,44.172,1.60146
superman,1.091,100,14,3,1,38.5079,-32.146,1.14392
superman,2.232,400,15,3,1,128.123,-153.917,3.40612
superman,1.448,300,16,1,1,20.2484,-148.573,3.35756
superman,1.96,600,17,3,1,269.04,-133.566,3.20165
superman,1.274,500,18,2,1,193.584,157.714,3.44494
superman,1.685,500,19,1,1,-249.687,18.748,2.46963
superman,1.131,100,20,2,1,19.555,46.107,1.66656
superman,1.225,600,21,2,1,235.623,185.96,3.68007
superman,1.461,400,22,3,1,-77.5551,-184.262,3.66822
superman,1.284,300,23,2,1,-14.6136,-149.324,3.36396
superman,1.239,100,24,2,1,31.2644,38.703,1.42353
superman,1.258,100,25,1,1,-45.5036,21.561,0.562213
superman,1.495,600,26,3,1,8.7818,-299.872,4.37022
superman,1.22,100,27,1,1,2.0145,49.951,1.7847
superman,1.892,600,28,2,1,-297.598,34.482,2.7271
superman,1.388,600,29,1,1,-172.512,245.712,4.08177
superman,1.266,100,30,3,1,32.299,-38.514,1.40171
superman,1.476,400,31,2,0,37.2014,-196.435,3.76046
superman,1.449,600,32,3,1,201.925,222.062,3.93616
superman,17.697,300,33,2,1,7.41005,149.837,3.36908
superman,2.697,200,34,3,1,78.5751,-62.376,2.10028
superman,1.381,600,1,1,0,-108.21,279.801,4.27029
superman,1.453,200,2,2,1,57.0094,81.886,2.50079
superman,1.38,500,3,2,1,130.247,213.152,3.87893
superman,1.103,200,4,2,1,-91.2531,-40.427,1.48205
superman,1.445,200,5,2,1,84.3091,-54.421,1.9031
superman,1.467,600,6,2,1,45.7624,-296.429,4.35385
superman,1.049,200,1,1,0,-90.3276,-43.718,1.58712
superman,1.524,600,2,2,1,-21.2596,299.273,4.36721
superman,1.252,400,3,1,1,-17.3685,-199.261,3.78042
superman,1.23,300,4,3,1,98.668,-113.165,2.96297
superman,0.788,100,5,1,1,-35.227,-35.067,1.28258
superman,1.32,600,6,2,1,218.083,-206.446,3.8302
superman,1.005,100,7,2,0,-42.2575,-27.021,0.893475
superman,1.034,100,8,2,1,31.4884,-38.519,1.4167
superman,1.272,400,9,3,1,21.435,-198.892,3.77755
superman,1.304,200,10,3,1,-45.708,88.834,2.61645
superman,0.938,200,11,3,1,-67.6619,-73.251,2.34086
superman,1.262,500,12,1,1,-73.9416,238.936,4.04183
superman,34.52,400,13,1,1,49.8171,193.802,3.73972
superman,17.294,600,14,3,1,216.629,207.546,3.83928
superman,1.232,600,1,3,1,152.341,258.446,4.15572
superman,1.401,200,2,2,0,-42.9516,90.491,2.63931
superman,2.409,500,3,3,1,25.357,248.753,4.10035
superman,1.247,200,1,3,1,50.0191,-86.829,2.57916
superman,1.153,400,2,2,1,184.238,-76.891,2.40936
superman,1.048,100,3,1,0,-1.5926,-49.986,1.78514
superman,0.936,400,4,3,1,194.308,49.042,2.10721
superman,1.113,500,5,3,1,-73.885,238.767,4.04184
superman,1.11,300,6,3,1,-70.8702,-132.198,3.18861
superman,0.797,100,7,3,1,10.9171,48.884,1.75077
superman,0.836,100,8,2,1,15.258,-47.746,1.71573
superman,1.175,600,9,1,1,240.96,178.46,3.6222
superman,1.656,200,10,3,0,-77.9026,63.181,2.11908
superman,1.231,300,11,2,1,24.9974,-147.836,3.3505
superman,1.509,600,12,3,1,-8.39605,-299.877,4.37027
superman,1.136,300,13,2,1,44.868,-143.198,3.30328
superman,1.694,500,14,2,0,92.5888,-232.226,4.00139
superman,1.827,400,15,3,1,193.647,50.039,2.10513
superman,1.039,600,16,1,0,41.3144,-297.087,4.35702
superman,1.035,100,17,2,1,-27.9436,41.723,1.51857
superman,1.128,200,18,1,0,45.7365,-88.831,2.61625
superman,1.303,600,1,2,1,28.077,-298.703,4.36449
superman,0.758,400,2,2,1,-153.916,128.18,3.14188
superman,1.338,600,3,1,1,228.663,-193.979,3.74246
superman,1.116,200,4,1,1,4.35905,99.922,2.7845
superman,0.926,100,5,1,0,-41.5272,-27.836,0.941086
superman,0.849,100,6,1,1,-20.541,-45.397,1.65152
superman,1.185,200,7,3,0,28.4424,-95.753,2.72488
superman,1,400,8,2,0,-152.845,129.452,3.15614
Muyang iPhone,1.897,500,1,3,1,-178.037,-176.099,3.59986
Muyang iPhone,1.739,300,2,1,1,-52.9663,140.557,3.27506
