3:58Muyang,-1533259408
8:46PM Muyang,1298738668
nilaopo,-6139393977801124576
nilaopo,-6139393977801124576
nilaopo,1859780570309119345
nilaopo,1859780570309119345
nilaopo,1859780570309119345
9:09Muyang,6915551402268468446
9:09Muyang,6915551402268468446
9:15Muyang,9100681588653086585
9:15Muyang,9100681588653086585
9:15Muyang,9100681588653086585
9:15Muyang,9100681588653086585
9:17Muyang,-3585893578356779028
9:17Muyang,-3585893578356779028
xiaoxiannv,-1087107038048180968
iPad,7052716367646705784
9:34Muyang,-7628683222768784456
9:34Muyang,-7628683222768784456
9:34Muyang,-7628683222768784456
9:36Muyang,6754972852332651814
10:20Muyang,-5094767116017475375
12:04Muyang,1577639029006012153
12:07Muyang,-1795732862394968145
allen is slow,522861669088591068
allen is slow,522861669088591068
allen is slow,522861669088591068
localhost,-712358551
distance to center,420196955
IneedAC,421134368
doesthiswork,-1798828076
indentation,53501744
indent,-1822829366
HTML tabs,-30556615
5:20Muyang,420476023
5:29Muyang,-427231256
visibility,-195267992
timing,924600600
